{"cameraMode":{"drawMode":0,"name":"Shaded","section":"Shading Mode"},"sceneLighting":true,"audioPlay":false,"sceneViewState":{"showFog":true,"showMaterialUpdate":false,"showSkybox":true,"showFlares":true,"showImageEffects":true,"showParticleSystems":true,"showVisualEffectGraphs":true,"m_FxEnabled":true},"in2DMode":false,"pivot":{"x":0.3408482074737549,"y":-6.020282050656078e-9,"z":-0.11310409009456635},"rotation":{"x":-0.0036381410900503399,"y":0.9869388937950134,"z":-0.02251555770635605,"w":-0.15947334468364716},"size":971.1539306640625,"orthographic":false}