{"cameraMode":{"drawMode":0,"name":"Shaded","section":"Shading Mode"},"sceneLighting":true,"audioPlay":false,"sceneViewState":{"showFog":true,"showMaterialUpdate":false,"showSkybox":true,"showFlares":true,"showImageEffects":true,"showParticleSystems":true,"showVisualEffectGraphs":true,"m_FxEnabled":true},"in2DMode":false,"pivot":{"x":-0.18731474876403809,"y":0.2902393937110901,"z":-0.2610602080821991},"rotation":{"x":-0.06457707285881043,"y":0.931438684463501,"z":-0.2046879082918167,"w":-0.29396143555641177},"size":1.9445263147354127,"orthographic":false}