{"cameraMode":{"drawMode":0,"name":"Shaded","section":"Shading Mode"},"sceneLighting":true,"audioPlay":false,"sceneViewState":{"showFog":true,"showMaterialUpdate":false,"showSkybox":true,"showFlares":true,"showImageEffects":true,"showParticleSystems":true,"showVisualEffectGraphs":true,"m_FxEnabled":true},"in2DMode":false,"pivot":{"x":614.5113525390625,"y":930.7625732421875,"z":-28.209869384765626},"rotation":{"x":-0.034801896661520007,"y":-0.011399822309613228,"z":0.0003727395960595459,"w":-0.9993641972541809},"size":1061.694091796875,"orthographic":false}