{"cameraMode":{"drawMode":0,"name":"Shaded","section":"Shading Mode"},"sceneLighting":true,"audioPlay":false,"sceneViewState":{"showFog":true,"showMaterialUpdate":false,"showSkybox":true,"showFlares":true,"showImageEffects":true,"showParticleSystems":true,"showVisualEffectGraphs":true,"m_FxEnabled":true},"in2DMode":false,"pivot":{"x":415.64776611328127,"y":343.1226806640625,"z":-270.81890869140627},"rotation":{"x":-0.034801896661520007,"y":-0.011399822309613228,"z":0.0003727395960595459,"w":-0.9993641972541809},"size":789.5943603515625,"orthographic":false}